date,product_id,quantity,transaction_id,customer_id,price,cost,category,inventory_on_hand,lead_time_days
2026-01-01,SKU-001,11,T000001,C036,180,140,Grocery,51,3
2026-01-01,SKU-002,11,T000002,C018,120,85,Grocery,114,2
2026-01-01,SKU-003,9,T000003,C012,420,350,Grocery,95,7
2026-01-01,SKU-004,6,T000004,C005,300,230,Grocery,23,2
2026-01-02,SKU-001,15,T000005,C004,180,140,Grocery,91,3
2026-01-02,SKU-002,18,T000006,C070,120,85,Grocery,73,3
2026-01-02,SKU-003,12,T000007,C001,420,350,Grocery,117,3
2026-01-02,SKU-004,15,T000008,C055,300,230,Grocery,63,5
2026-01-03,SKU-001,19,T000009,C044,180,140,Grocery,33,2
2026-01-03,SKU-002,21,T000010,C049,120,85,Grocery,32,5
2026-01-03,SKU-003,17,T000011,C006,420,350,Grocery,113,7
2026-01-03,SKU-004,11,T000012,C069,300,230,Grocery,35,7
2026-01-04,SKU-001,14,T000013,C080,180,140,Grocery,66,3
2026-01-04,SKU-002,13,T000014,C009,120,85,Grocery,25,3
2026-01-04,SKU-003,13,T000015,C030,420,350,Grocery,32,7
2026-01-04,SKU-004,3,T000016,C036,300,230,Grocery,78,5
2026-01-05,SKU-001,13,T000017,C035,180,140,Grocery,109,2
2026-01-05,SKU-002,14,T000018,C078,120,85,Grocery,101,3
2026-01-05,SKU-003,9,T000019,C060,420,350,Grocery,68,5
2026-01-05,SKU-004,11,T000020,C072,300,230,Grocery,48,5
2026-01-06,SKU-001,14,T000021,C030,180,140,Grocery,24,5
2026-01-06,SKU-002,7,T000022,C052,120,85,Grocery,54,2
2026-01-06,SKU-003,13,T000023,C041,420,350,Grocery,47,7
2026-01-06,SKU-004,18,T000024,C051,300,230,Grocery,102,7
2026-01-07,SKU-001,13,T000025,C072,180,140,Grocery,88,5
2026-01-07,SKU-002,13,T000026,C075,120,85,Grocery,74,7
2026-01-07,SKU-003,5,T000027,C018,420,350,Grocery,85,7
2026-01-07,SKU-004,19,T000028,C012,300,230,Grocery,116,2
2026-01-08,SKU-001,13,T000029,C021,180,140,Grocery,107,7
2026-01-08,SKU-002,10,T000030,C077,120,85,Grocery,28,7
2026-01-08,SKU-003,4,T000031,C068,420,350,Grocery,52,2
2026-01-08,SKU-004,18,T000032,C015,300,230,Grocery,107,5
2026-01-09,SKU-001,15,T000033,C038,180,140,Grocery,75,3
2026-01-09,SKU-002,12,T000034,C059,120,85,Grocery,20,5
2026-01-09,SKU-003,20,T000035,C065,420,350,Grocery,33,5
2026-01-09,SKU-004,14,T000036,C065,300,230,Grocery,97,3
2026-01-10,SKU-001,17,T000037,C070,180,140,Grocery,119,2
2026-01-10,SKU-002,19,T000038,C077,120,85,Grocery,61,7
2026-01-10,SKU-003,21,T000039,C040,420,350,Grocery,50,2
2026-01-10,SKU-004,15,T000040,C031,300,230,Grocery,92,2
2026-01-11,SKU-001,14,T000041,C009,180,140,Grocery,117,3
2026-01-11,SKU-002,13,T000042,C017,120,85,Grocery,104,7
2026-01-11,SKU-003,13,T000043,C068,420,350,Grocery,97,7
2026-01-11,SKU-004,11,T000044,C028,300,230,Grocery,89,3
2026-01-12,SKU-001,11,T000045,C048,180,140,Grocery,76,7
2026-01-12,SKU-002,9,T000046,C016,120,85,Grocery,51,3
2026-01-12,SKU-003,12,T000047,C071,420,350,Grocery,49,3
2026-01-12,SKU-004,12,T000048,C001,300,230,Grocery,29,2
2026-01-13,SKU-001,12,T000049,C043,180,140,Grocery,29,3
2026-01-13,SKU-002,18,T000050,C036,120,85,Grocery,105,7
2026-01-13,SKU-003,12,T000051,C074,420,350,Grocery,93,7
2026-01-13,SKU-004,13,T000052,C032,300,230,Grocery,120,7
2026-01-14,SKU-001,12,T000053,C013,180,140,Grocery,104,7
2026-01-14,SKU-002,10,T000054,C046,120,85,Grocery,74,7
2026-01-14,SKU-003,7,T000055,C013,420,350,Grocery,27,7
2026-01-14,SKU-004,12,T000056,C044,300,230,Grocery,33,3
2026-01-15,SKU-001,13,T000057,C018,180,140,Grocery,74,3
2026-01-15,SKU-002,15,T000058,C036,120,85,Grocery,79,3
2026-01-15,SKU-003,12,T000059,C071,420,350,Grocery,32,2
2026-01-15,SKU-004,11,T000060,C070,300,230,Grocery,21,2
2026-01-16,SKU-001,20,T000061,C022,180,140,Grocery,72,7
2026-01-16,SKU-002,12,T000062,C062,120,85,Grocery,47,7
2026-01-16,SKU-003,16,T000063,C001,420,350,Grocery,69,5
2026-01-16,SKU-004,13,T000064,C059,300,230,Grocery,56,7
2026-01-17,SKU-001,13,T000065,C072,180,140,Grocery,104,7
2026-01-17,SKU-002,10,T000066,C020,120,85,Grocery,44,5
2026-01-17,SKU-003,15,T000067,C070,420,350,Grocery,27,5
2026-01-17,SKU-004,16,T000068,C008,300,230,Grocery,26,7
2026-01-18,SKU-001,6,T000069,C021,180,140,Grocery,27,2
2026-01-18,SKU-002,11,T000070,C024,120,85,Grocery,28,2
2026-01-18,SKU-003,11,T000071,C016,420,350,Grocery,92,3
2026-01-18,SKU-004,10,T000072,C075,300,230,Grocery,96,2
2026-01-19,SKU-001,9,T000073,C075,180,140,Grocery,92,5
2026-01-19,SKU-002,9,T000074,C034,120,85,Grocery,46,5
2026-01-19,SKU-003,12,T000075,C039,420,350,Grocery,78,5
2026-01-19,SKU-004,15,T000076,C010,300,230,Grocery,21,7
2026-01-20,SKU-001,9,T000077,C013,180,140,Grocery,29,3
2026-01-20,SKU-002,9,T000078,C065,120,85,Grocery,53,3
2026-01-20,SKU-003,17,T000079,C032,420,350,Grocery,67,5
2026-01-20,SKU-004,9,T000080,C021,300,230,Grocery,76,5
2026-01-21,SKU-001,5,T000081,C068,180,140,Grocery,21,5
2026-01-21,SKU-002,6,T000082,C014,120,85,Grocery,37,5
2026-01-21,SKU-003,13,T000083,C071,420,350,Grocery,39,5
2026-01-21,SKU-004,12,T000084,C037,300,230,Grocery,97,3
2026-01-22,SKU-001,11,T000085,C034,180,140,Grocery,84,7
2026-01-22,SKU-002,10,T000086,C033,120,85,Grocery,26,2
2026-01-22,SKU-003,8,T000087,C006,420,350,Grocery,20,5
2026-01-22,SKU-004,7,T000088,C017,300,230,Grocery,101,5
2026-01-23,SKU-001,16,T000089,C055,180,140,Grocery,91,2
2026-01-23,SKU-002,17,T000090,C015,120,85,Grocery,29,3
2026-01-23,SKU-003,9,T000091,C075,420,350,Grocery,90,3
2026-01-23,SKU-004,13,T000092,C056,300,230,Grocery,36,2
2026-01-24,SKU-001,12,T000093,C006,180,140,Grocery,65,3
2026-01-24,SKU-002,20,T000094,C032,120,85,Grocery,105,2
2026-01-24,SKU-003,12,T000095,C053,420,350,Grocery,99,3
2026-01-24,SKU-004,18,T000096,C031,300,230,Grocery,40,3
2026-01-25,SKU-001,12,T000097,C043,180,140,Grocery,120,7
2026-01-25,SKU-002,11,T000098,C032,120,85,Grocery,54,3
2026-01-25,SKU-003,12,T000099,C005,420,350,Grocery,80,3
2026-01-25,SKU-004,10,T000100,C026,300,230,Grocery,78,5
2026-01-26,SKU-001,10,T000101,C030,180,140,Grocery,48,2
2026-01-26,SKU-002,17,T000102,C025,120,85,Grocery,71,5
2026-01-26,SKU-003,11,T000103,C036,420,350,Grocery,64,7
2026-01-26,SKU-004,13,T000104,C069,300,230,Grocery,62,2
2026-01-27,SKU-001,17,T000105,C023,180,140,Grocery,94,5
2026-01-27,SKU-002,17,T000106,C005,120,85,Grocery,33,7
2026-01-27,SKU-003,9,T000107,C056,420,350,Grocery,97,2
2026-01-27,SKU-004,16,T000108,C050,300,230,Grocery,93,3
2026-01-28,SKU-001,11,T000109,C001,180,140,Grocery,86,3
2026-01-28,SKU-002,16,T000110,C047,120,85,Grocery,75,2
2026-01-28,SKU-003,18,T000111,C080,420,350,Grocery,60,2
2026-01-28,SKU-004,9,T000112,C039,300,230,Grocery,84,5
2026-01-29,SKU-001,10,T000113,C038,180,140,Grocery,90,3
2026-01-29,SKU-002,9,T000114,C025,120,85,Grocery,73,7
2026-01-29,SKU-003,9,T000115,C079,420,350,Grocery,92,5
2026-01-29,SKU-004,6,T000116,C052,300,230,Grocery,90,2
2026-01-30,SKU-001,14,T000117,C075,180,140,Grocery,97,5
2026-01-30,SKU-002,16,T000118,C060,120,85,Grocery,76,7
2026-01-30,SKU-003,13,T000119,C022,420,350,Grocery,104,2
2026-01-30,SKU-004,11,T000120,C037,300,230,Grocery,85,5
2026-01-31,SKU-001,21,T000121,C031,180,140,Grocery,106,5
2026-01-31,SKU-002,19,T000122,C029,120,85,Grocery,45,3
2026-01-31,SKU-003,17,T000123,C061,420,350,Grocery,98,2
2026-01-31,SKU-004,15,T000124,C059,300,230,Grocery,73,3
2026-02-01,SKU-001,11,T000125,C052,180,140,Grocery,51,3
2026-02-01,SKU-002,9,T000126,C001,120,85,Grocery,116,2
2026-02-01,SKU-003,12,T000127,C067,420,350,Grocery,79,2
2026-02-01,SKU-004,9,T000128,C072,300,230,Grocery,51,2
2026-02-02,SKU-001,6,T000129,C068,180,140,Grocery,91,5
2026-02-02,SKU-002,13,T000130,C057,120,85,Grocery,98,7
2026-02-02,SKU-003,13,T000131,C021,420,350,Grocery,115,7
2026-02-02,SKU-004,8,T000132,C058,300,230,Grocery,53,3
2026-02-03,SKU-001,13,T000133,C067,180,140,Grocery,82,3
2026-02-03,SKU-002,9,T000134,C036,120,85,Grocery,76,2
2026-02-03,SKU-003,11,T000135,C043,420,350,Grocery,60,2
2026-02-03,SKU-004,9,T000136,C018,300,230,Grocery,39,3
2026-02-04,SKU-001,10,T000137,C028,180,140,Grocery,28,7
2026-02-04,SKU-002,13,T000138,C053,120,85,Grocery,62,7
2026-02-04,SKU-003,10,T000139,C054,420,350,Grocery,69,2
2026-02-04,SKU-004,13,T000140,C074,300,230,Grocery,68,7
2026-02-05,SKU-001,14,T000141,C050,180,140,Grocery,73,3
2026-02-05,SKU-002,12,T000142,C063,120,85,Grocery,48,5
2026-02-05,SKU-003,11,T000143,C044,420,350,Grocery,105,7
2026-02-05,SKU-004,12,T000144,C022,300,230,Grocery,79,3
2026-02-06,SKU-001,18,T000145,C051,180,140,Grocery,95,2
2026-02-06,SKU-002,14,T000146,C011,120,85,Grocery,102,7
2026-02-06,SKU-003,17,T000147,C007,420,350,Grocery,53,7
2026-02-06,SKU-004,17,T000148,C042,300,230,Grocery,47,7
2026-02-07,SKU-001,12,T000149,C049,180,140,Grocery,55,7
2026-02-07,SKU-002,19,T000150,C033,120,85,Grocery,30,7
2026-02-07,SKU-003,18,T000151,C045,420,350,Grocery,48,2
2026-02-07,SKU-004,15,T000152,C006,300,230,Grocery,116,2
2026-02-08,SKU-001,13,T000153,C003,180,140,Grocery,99,3
2026-02-08,SKU-002,11,T000154,C031,120,85,Grocery,36,7
2026-02-08,SKU-003,10,T000155,C028,420,350,Grocery,79,5
2026-02-08,SKU-004,8,T000156,C048,300,230,Grocery,41,2
2026-02-09,SKU-001,12,T000157,C040,180,140,Grocery,33,2
2026-02-09,SKU-002,10,T000158,C040,120,85,Grocery,93,7
2026-02-09,SKU-003,8,T000159,C010,420,350,Grocery,95,3
2026-02-09,SKU-004,14,T000160,C014,300,230,Grocery,109,5
2026-02-10,SKU-001,14,T000161,C016,180,140,Grocery,92,2
2026-02-10,SKU-002,8,T000162,C045,120,85,Grocery,88,7
2026-02-10,SKU-003,11,T000163,C044,420,350,Grocery,21,7
2026-02-10,SKU-004,11,T000164,C063,300,230,Grocery,33,7
2026-02-11,SKU-001,16,T000165,C059,180,140,Grocery,110,3
2026-02-11,SKU-002,10,T000166,C056,120,85,Grocery,42,5
2026-02-11,SKU-003,6,T000167,C062,420,350,Grocery,79,7
2026-02-11,SKU-004,7,T000168,C076,300,230,Grocery,54,5
2026-02-12,SKU-001,15,T000169,C012,180,140,Grocery,55,7
2026-02-12,SKU-002,7,T000170,C032,120,85,Grocery,116,7
2026-02-12,SKU-003,7,T000171,C044,420,350,Grocery,23,7
2026-02-12,SKU-004,10,T000172,C042,300,230,Grocery,43,7
2026-02-13,SKU-001,16,T000173,C044,180,140,Grocery,55,5
2026-02-13,SKU-002,20,T000174,C072,120,85,Grocery,21,3
2026-02-13,SKU-003,19,T000175,C063,420,350,Grocery,91,3
2026-02-13,SKU-004,17,T000176,C061,300,230,Grocery,102,7
2026-02-14,SKU-001,14,T000177,C038,180,140,Grocery,48,7
2026-02-14,SKU-002,15,T000178,C032,120,85,Grocery,59,5
2026-02-14,SKU-003,11,T000179,C055,420,350,Grocery,115,5
2026-02-14,SKU-004,15,T000180,C046,300,230,Grocery,109,7
2026-02-15,SKU-001,11,T000181,C016,180,140,Grocery,112,3
2026-02-15,SKU-002,14,T000182,C041,120,85,Grocery,35,3
2026-02-15,SKU-003,13,T000183,C036,420,350,Grocery,112,5
2026-02-15,SKU-004,16,T000184,C013,300,230,Grocery,44,5
2026-02-16,SKU-001,12,T000185,C002,180,140,Grocery,110,3
2026-02-16,SKU-002,13,T000186,C036,120,85,Grocery,25,2
2026-02-16,SKU-003,7,T000187,C017,420,350,Grocery,101,7
2026-02-16,SKU-004,10,T000188,C014,300,230,Grocery,21,5
2026-02-17,SKU-001,8,T000189,C024,180,140,Grocery,26,5
2026-02-17,SKU-002,12,T000190,C062,120,85,Grocery,34,2
2026-02-17,SKU-003,11,T000191,C007,420,350,Grocery,39,3
2026-02-17,SKU-004,12,T000192,C073,300,230,Grocery,58,2
2026-02-18,SKU-001,13,T000193,C054,180,140,Grocery,97,3
2026-02-18,SKU-002,11,T000194,C067,120,85,Grocery,68,7
2026-02-18,SKU-003,14,T000195,C076,420,350,Grocery,74,5
2026-02-18,SKU-004,10,T000196,C073,300,230,Grocery,99,2
2026-02-19,SKU-001,8,T000197,C027,180,140,Grocery,100,3
2026-02-19,SKU-002,8,T000198,C034,120,85,Grocery,104,2
2026-02-19,SKU-003,13,T000199,C010,420,350,Grocery,40,2
2026-02-19,SKU-004,13,T000200,C053,300,230,Grocery,77,7
2026-02-20,SKU-001,14,T000201,C037,180,140,Grocery,109,7
2026-02-20,SKU-002,17,T000202,C010,120,85,Grocery,107,3
2026-02-20,SKU-003,19,T000203,C076,420,350,Grocery,104,3
2026-02-20,SKU-004,12,T000204,C055,300,230,Grocery,34,3
2026-02-21,SKU-001,11,T000205,C019,180,140,Grocery,29,2
2026-02-21,SKU-002,9,T000206,C022,120,85,Grocery,59,5
2026-02-21,SKU-003,11,T000207,C039,420,350,Grocery,109,7
2026-02-21,SKU-004,16,T000208,C035,300,230,Grocery,84,7
2026-02-22,SKU-001,8,T000209,C056,180,140,Grocery,114,5
2026-02-22,SKU-002,13,T000210,C078,120,85,Grocery,52,2
2026-02-22,SKU-003,18,T000211,C074,420,350,Grocery,95,2
2026-02-22,SKU-004,16,T000212,C035,300,230,Grocery,93,2
2026-02-23,SKU-001,12,T000213,C067,180,140,Grocery,103,7
2026-02-23,SKU-002,10,T000214,C036,120,85,Grocery,43,7
2026-02-23,SKU-003,9,T000215,C012,420,350,Grocery,80,5
2026-02-23,SKU-004,9,T000216,C053,300,230,Grocery,62,5
2026-02-24,SKU-001,9,T000217,C043,180,140,Grocery,72,7
2026-02-24,SKU-002,6,T000218,C037,120,85,Grocery,104,7
2026-02-24,SKU-003,13,T000219,C059,420,350,Grocery,31,5
2026-02-24,SKU-004,8,T000220,C033,300,230,Grocery,61,2
2026-02-25,SKU-001,14,T000221,C066,180,140,Grocery,20,7
2026-02-25,SKU-002,11,T000222,C053,120,85,Grocery,26,3
2026-02-25,SKU-003,7,T000223,C064,420,350,Grocery,100,7
2026-02-25,SKU-004,11,T000224,C007,300,230,Grocery,46,5
2026-02-26,SKU-001,5,T000225,C057,180,140,Grocery,109,7
2026-02-26,SKU-002,9,T000226,C016,120,85,Grocery,23,3
2026-02-26,SKU-003,11,T000227,C002,420,350,Grocery,90,7
2026-02-26,SKU-004,9,T000228,C012,300,230,Grocery,48,2
2026-02-27,SKU-001,13,T000229,C020,180,140,Grocery,83,5
2026-02-27,SKU-002,15,T000230,C066,120,85,Grocery,110,5
2026-02-27,SKU-003,12,T000231,C061,420,350,Grocery,51,7
2026-02-27,SKU-004,16,T000232,C071,300,230,Grocery,38,7
2026-02-28,SKU-001,16,T000233,C018,180,140,Grocery,28,5
2026-02-28,SKU-002,18,T000234,C054,120,85,Grocery,63,5
2026-02-28,SKU-003,16,T000235,C039,420,350,Grocery,95,7
2026-02-28,SKU-004,12,T000236,C020,300,230,Grocery,77,7
2026-03-01,SKU-001,9,T000237,C070,180,140,Grocery,68,7
2026-03-01,SKU-002,15,T000238,C042,120,85,Grocery,44,3
2026-03-01,SKU-003,10,T000239,C053,420,350,Grocery,25,5
2026-03-01,SKU-004,11,T000240,C061,300,230,Grocery,110,7
2026-03-02,SKU-001,8,T000241,C020,180,140,Grocery,83,2
2026-03-02,SKU-002,14,T000242,C017,120,85,Grocery,84,5
2026-03-02,SKU-003,16,T000243,C057,420,350,Grocery,32,7
2026-03-02,SKU-004,7,T000244,C002,300,230,Grocery,112,3
2026-03-03,SKU-001,8,T000245,C020,180,140,Grocery,29,7
2026-03-03,SKU-002,14,T000246,C034,120,85,Grocery,63,7
2026-03-03,SKU-003,8,T000247,C069,420,350,Grocery,68,5
2026-03-03,SKU-004,7,T000248,C063,300,230,Grocery,89,2
2026-03-04,SKU-001,10,T000249,C037,180,140,Grocery,49,2
2026-03-04,SKU-002,10,T000250,C056,120,85,Grocery,32,2
2026-03-04,SKU-003,7,T000251,C004,420,350,Grocery,25,5
2026-03-04,SKU-004,13,T000252,C008,300,230,Grocery,57,5
2026-03-05,SKU-001,10,T000253,C068,180,140,Grocery,72,3
2026-03-05,SKU-002,13,T000254,C022,120,85,Grocery,42,2
2026-03-05,SKU-003,9,T000255,C031,420,350,Grocery,83,3
2026-03-05,SKU-004,10,T000256,C030,300,230,Grocery,79,5
2026-03-06,SKU-001,10,T000257,C060,180,140,Grocery,56,3
2026-03-06,SKU-002,16,T000258,C010,120,85,Grocery,76,5
2026-03-06,SKU-003,17,T000259,C055,420,350,Grocery,108,5
2026-03-06,SKU-004,14,T000260,C059,300,230,Grocery,58,3
2026-03-07,SKU-001,20,T000261,C014,180,140,Grocery,50,7
2026-03-07,SKU-002,14,T000262,C074,120,85,Grocery,65,5
2026-03-07,SKU-003,17,T000263,C051,420,350,Grocery,55,2
2026-03-07,SKU-004,14,T000264,C073,300,230,Grocery,107,2
2026-03-08,SKU-001,16,T000265,C037,180,140,Grocery,119,3
2026-03-08,SKU-002,9,T000266,C078,120,85,Grocery,65,3
2026-03-08,SKU-003,9,T000267,C018,420,350,Grocery,100,2
2026-03-08,SKU-004,8,T000268,C006,300,230,Grocery,59,7
2026-03-09,SKU-001,14,T000269,C017,180,140,Grocery,31,5
2026-03-09,SKU-002,12,T000270,C042,120,85,Grocery,115,7
2026-03-09,SKU-003,12,T000271,C070,420,350,Grocery,66,5
2026-03-09,SKU-004,13,T000272,C022,300,230,Grocery,52,7
2026-03-10,SKU-001,14,T000273,C044,180,140,Grocery,34,7
2026-03-10,SKU-002,11,T000274,C010,120,85,Grocery,38,3
2026-03-10,SKU-003,15,T000275,C051,420,350,Grocery,91,5
2026-03-10,SKU-004,8,T000276,C012,300,230,Grocery,70,2
2026-03-11,SKU-001,11,T000277,C048,180,140,Grocery,106,5
2026-03-11,SKU-002,13,T000278,C075,120,85,Grocery,68,5
2026-03-11,SKU-003,13,T000279,C004,420,350,Grocery,99,5
2026-03-11,SKU-004,13,T000280,C079,300,230,Grocery,48,2
2026-03-12,SKU-001,9,T000281,C039,180,140,Grocery,103,7
2026-03-12,SKU-002,9,T000282,C015,120,85,Grocery,37,2
2026-03-12,SKU-003,14,T000283,C064,420,350,Grocery,34,2
2026-03-12,SKU-004,11,T000284,C031,300,230,Grocery,88,3
2026-03-13,SKU-001,12,T000285,C070,180,140,Grocery,73,3
2026-03-13,SKU-002,16,T000286,C054,120,85,Grocery,103,2
2026-03-13,SKU-003,17,T000287,C036,420,350,Grocery,24,5
2026-03-13,SKU-004,11,T000288,C028,300,230,Grocery,76,7
2026-03-14,SKU-001,20,T000289,C013,180,140,Grocery,107,5
2026-03-14,SKU-002,13,T000290,C070,120,85,Grocery,102,5
2026-03-14,SKU-003,17,T000291,C016,420,350,Grocery,78,2
2026-03-14,SKU-004,15,T000292,C028,300,230,Grocery,102,2
2026-03-15,SKU-001,14,T000293,C017,180,140,Grocery,120,3
2026-03-15,SKU-002,12,T000294,C009,120,85,Grocery,117,3
2026-03-15,SKU-003,7,T000295,C030,420,350,Grocery,62,3
2026-03-15,SKU-004,9,T000296,C077,300,230,Grocery,20,5
2026-03-16,SKU-001,13,T000297,C017,180,140,Grocery,89,5
2026-03-16,SKU-002,10,T000298,C023,120,85,Grocery,34,2
2026-03-16,SKU-003,13,T000299,C031,420,350,Grocery,95,5
2026-03-16,SKU-004,14,T000300,C003,300,230,Grocery,42,5
2026-03-17,SKU-001,16,T000301,C068,180,140,Grocery,34,2
2026-03-17,SKU-002,13,T000302,C061,120,85,Grocery,77,5
2026-03-17,SKU-003,10,T000303,C065,420,350,Grocery,48,2
2026-03-17,SKU-004,11,T000304,C067,300,230,Grocery,58,7
2026-03-18,SKU-001,11,T000305,C062,180,140,Grocery,71,7
2026-03-18,SKU-002,11,T000306,C014,120,85,Grocery,82,7
2026-03-18,SKU-003,13,T000307,C078,420,350,Grocery,38,2
2026-03-18,SKU-004,12,T000308,C017,300,230,Grocery,55,5
2026-03-19,SKU-001,9,T000309,C038,180,140,Grocery,78,7
2026-03-19,SKU-002,14,T000310,C013,120,85,Grocery,109,2
2026-03-19,SKU-003,14,T000311,C071,420,350,Grocery,112,3
2026-03-19,SKU-004,8,T000312,C056,300,230,Grocery,77,3
2026-03-20,SKU-001,10,T000313,C052,180,140,Grocery,73,2
2026-03-20,SKU-002,17,T000314,C041,120,85,Grocery,74,5
2026-03-20,SKU-003,13,T000315,C020,420,350,Grocery,107,7
2026-03-20,SKU-004,12,T000316,C009,300,230,Grocery,31,2
2026-03-21,SKU-001,16,T000317,C048,180,140,Grocery,36,2
2026-03-21,SKU-002,15,T000318,C076,120,85,Grocery,91,5
2026-03-21,SKU-003,13,T000319,C055,420,350,Grocery,112,2
2026-03-21,SKU-004,12,T000320,C037,300,230,Grocery,96,5
2026-03-22,SKU-001,9,T000321,C028,180,140,Grocery,39,7
2026-03-22,SKU-002,15,T000322,C029,120,85,Grocery,33,5
2026-03-22,SKU-003,13,T000323,C036,420,350,Grocery,93,3
2026-03-22,SKU-004,9,T000324,C055,300,230,Grocery,91,2
2026-03-23,SKU-001,8,T000325,C035,180,140,Grocery,23,3
2026-03-23,SKU-002,9,T000326,C035,120,85,Grocery,109,5
2026-03-23,SKU-003,14,T000327,C024,420,350,Grocery,38,7
2026-03-23,SKU-004,10,T000328,C009,300,230,Grocery,38,2
2026-03-24,SKU-001,15,T000329,C049,180,140,Grocery,73,7
2026-03-24,SKU-002,14,T000330,C044,120,85,Grocery,40,5
2026-03-24,SKU-003,10,T000331,C073,420,350,Grocery,96,2
2026-03-24,SKU-004,14,T000332,C007,300,230,Grocery,39,3
2026-03-25,SKU-001,12,T000333,C011,180,140,Grocery,54,7
2026-03-25,SKU-002,11,T000334,C055,120,85,Grocery,82,7
2026-03-25,SKU-003,10,T000335,C066,420,350,Grocery,34,5
2026-03-25,SKU-004,13,T000336,C056,300,230,Grocery,34,5
2026-03-26,SKU-001,10,T000337,C068,180,140,Grocery,105,5
2026-03-26,SKU-002,8,T000338,C006,120,85,Grocery,48,7
2026-03-26,SKU-003,13,T000339,C027,420,350,Grocery,58,3
2026-03-26,SKU-004,11,T000340,C018,300,230,Grocery,117,5
2026-03-27,SKU-001,14,T000341,C064,180,140,Grocery,115,7
2026-03-27,SKU-002,16,T000342,C023,120,85,Grocery,36,7
2026-03-27,SKU-003,12,T000343,C072,420,350,Grocery,105,5
2026-03-27,SKU-004,14,T000344,C010,300,230,Grocery,70,2
2026-03-28,SKU-001,11,T000345,C010,180,140,Grocery,60,7
2026-03-28,SKU-002,16,T000346,C074,120,85,Grocery,71,7
2026-03-28,SKU-003,14,T000347,C042,420,350,Grocery,41,7
2026-03-28,SKU-004,17,T000348,C047,300,230,Grocery,31,7
2026-03-29,SKU-001,13,T000349,C076,180,140,Grocery,71,2
2026-03-29,SKU-002,10,T000350,C051,120,85,Grocery,59,5
2026-03-29,SKU-003,12,T000351,C010,420,350,Grocery,85,2
2026-03-29,SKU-004,17,T000352,C068,300,230,Grocery,85,3
2026-03-30,SKU-001,14,T000353,C019,180,140,Grocery,50,2
2026-03-30,SKU-002,10,T000354,C019,120,85,Grocery,52,3
2026-03-30,SKU-003,12,T000355,C010,420,350,Grocery,42,7
2026-03-30,SKU-004,13,T000356,C060,300,230,Grocery,116,7
2026-03-31,SKU-001,9,T000357,C080,180,140,Grocery,61,5
2026-03-31,SKU-002,6,T000358,C020,120,85,Grocery,76,2
2026-03-31,SKU-003,7,T000359,C036,420,350,Grocery,95,2
2026-03-31,SKU-004,12,T000360,C046,300,230,Grocery,84,2
2026-04-01,SKU-001,10,T000361,C008,180,140,Grocery,67,5
2026-04-01,SKU-002,15,T000362,C010,120,85,Grocery,102,2
2026-04-01,SKU-003,9,T000363,C060,420,350,Grocery,94,2
2026-04-01,SKU-004,9,T000364,C058,300,230,Grocery,93,3
2026-04-02,SKU-001,10,T000365,C020,180,140,Grocery,27,7
2026-04-02,SKU-002,15,T000366,C014,120,85,Grocery,63,2
2026-04-02,SKU-003,10,T000367,C032,420,350,Grocery,110,7
2026-04-02,SKU-004,11,T000368,C057,300,230,Grocery,87,3
2026-04-03,SKU-001,10,T000369,C050,180,140,Grocery,72,5
2026-04-03,SKU-002,20,T000370,C077,120,85,Grocery,26,5
2026-04-03,SKU-003,16,T000371,C050,420,350,Grocery,56,5
2026-04-03,SKU-004,15,T000372,C078,300,230,Grocery,39,5
2026-04-04,SKU-001,18,T000373,C045,180,140,Grocery,59,7
2026-04-04,SKU-002,17,T000374,C017,120,85,Grocery,96,2
2026-04-04,SKU-003,13,T000375,C043,420,350,Grocery,36,2
2026-04-04,SKU-004,17,T000376,C055,300,230,Grocery,85,5
2026-04-05,SKU-001,14,T000377,C028,180,140,Grocery,63,7
2026-04-05,SKU-002,12,T000378,C025,120,85,Grocery,48,3
2026-04-05,SKU-003,13,T000379,C013,420,350,Grocery,84,2
2026-04-05,SKU-004,14,T000380,C044,300,230,Grocery,118,3
2026-04-06,SKU-001,10,T000381,C024,180,140,Grocery,108,3
2026-04-06,SKU-002,11,T000382,C057,120,85,Grocery,25,7
2026-04-06,SKU-003,8,T000383,C057,420,350,Grocery,98,5
2026-04-06,SKU-004,15,T000384,C058,300,230,Grocery,49,3
2026-04-07,SKU-001,10,T000385,C061,180,140,Grocery,44,5
2026-04-07,SKU-002,17,T000386,C074,120,85,Grocery,76,7
2026-04-07,SKU-003,12,T000387,C065,420,350,Grocery,87,7
2026-04-07,SKU-004,6,T000388,C021,300,230,Grocery,45,3
2026-04-08,SKU-001,12,T000389,C062,180,140,Grocery,67,2
2026-04-08,SKU-002,11,T000390,C067,120,85,Grocery,35,5
2026-04-08,SKU-003,13,T000391,C058,420,350,Grocery,85,3
2026-04-08,SKU-004,12,T000392,C056,300,230,Grocery,31,3
2026-04-09,SKU-001,14,T000393,C004,180,140,Grocery,73,2
2026-04-09,SKU-002,6,T000394,C051,120,85,Grocery,84,5
2026-04-09,SKU-003,12,T000395,C048,420,350,Grocery,48,2
2026-04-09,SKU-004,21,T000396,C041,300,230,Grocery,32,5
2026-04-10,SKU-001,15,T000397,C037,180,140,Grocery,80,3
2026-04-10,SKU-002,13,T000398,C061,120,85,Grocery,77,2
2026-04-10,SKU-003,15,T000399,C028,420,350,Grocery,39,7
2026-04-10,SKU-004,14,T000400,C015,300,230,Grocery,119,5
2026-04-11,SKU-001,15,T000401,C031,180,140,Grocery,73,7
2026-04-11,SKU-002,16,T000402,C009,120,85,Grocery,34,7
2026-04-11,SKU-003,14,T000403,C066,420,350,Grocery,93,3
2026-04-11,SKU-004,14,T000404,C019,300,230,Grocery,57,7
2026-04-12,SKU-001,14,T000405,C074,180,140,Grocery,73,3
2026-04-12,SKU-002,12,T000406,C011,120,85,Grocery,87,5
2026-04-12,SKU-003,15,T000407,C065,420,350,Grocery,120,2
2026-04-12,SKU-004,13,T000408,C050,300,230,Grocery,80,2
2026-04-13,SKU-001,6,T000409,C033,180,140,Grocery,115,2
2026-04-13,SKU-002,5,T000410,C046,120,85,Grocery,120,2
2026-04-13,SKU-003,9,T000411,C014,420,350,Grocery,118,5
2026-04-13,SKU-004,16,T000412,C018,300,230,Grocery,25,5
2026-04-14,SKU-001,6,T000413,C023,180,140,Grocery,119,7
2026-04-14,SKU-002,10,T000414,C062,120,85,Grocery,100,3
2026-04-14,SKU-003,12,T000415,C059,420,350,Grocery,24,5
2026-04-14,SKU-004,10,T000416,C026,300,230,Grocery,25,3
2026-04-15,SKU-001,13,T000417,C040,180,140,Grocery,85,7
2026-04-15,SKU-002,10,T000418,C070,120,85,Grocery,80,5
2026-04-15,SKU-003,16,T000419,C037,420,350,Grocery,65,2
2026-04-15,SKU-004,12,T000420,C043,300,230,Grocery,54,2
2026-04-16,SKU-001,12,T000421,C052,180,140,Grocery,115,7
2026-04-16,SKU-002,8,T000422,C050,120,85,Grocery,63,3
2026-04-16,SKU-003,8,T000423,C067,420,350,Grocery,54,2
2026-04-16,SKU-004,12,T000424,C055,300,230,Grocery,30,7
2026-04-17,SKU-001,10,T000425,C070,180,140,Grocery,57,5
2026-04-17,SKU-002,11,T000426,C014,120,85,Grocery,30,5
2026-04-17,SKU-003,13,T000427,C078,420,350,Grocery,111,7
2026-04-17,SKU-004,12,T000428,C022,300,230,Grocery,108,7
2026-04-18,SKU-001,14,T000429,C046,180,140,Grocery,98,7
2026-04-18,SKU-002,15,T000430,C036,120,85,Grocery,101,2
2026-04-18,SKU-003,18,T000431,C047,420,350,Grocery,85,3
2026-04-18,SKU-004,16,T000432,C004,300,230,Grocery,38,7
2026-04-19,SKU-001,13,T000433,C047,180,140,Grocery,66,7
2026-04-19,SKU-002,12,T000434,C073,120,85,Grocery,24,3
2026-04-19,SKU-003,8,T000435,C048,420,350,Grocery,76,2
2026-04-19,SKU-004,5,T000436,C074,300,230,Grocery,37,5
2026-04-20,SKU-001,8,T000437,C032,180,140,Grocery,34,2
2026-04-20,SKU-002,14,T000438,C024,120,85,Grocery,83,7
2026-04-20,SKU-003,13,T000439,C034,420,350,Grocery,110,7
2026-04-20,SKU-004,11,T000440,C028,300,230,Grocery,98,5
2026-04-21,SKU-001,8,T000441,C026,180,140,Grocery,35,3
2026-04-21,SKU-002,1,T000442,C010,120,85,Grocery,77,3
2026-04-21,SKU-003,14,T000443,C012,420,350,Grocery,107,5
2026-04-21,SKU-004,10,T000444,C045,300,230,Grocery,110,2
2026-04-22,SKU-001,9,T000445,C039,180,140,Grocery,40,3
2026-04-22,SKU-002,11,T000446,C047,120,85,Grocery,85,3
2026-04-22,SKU-003,13,T000447,C018,420,350,Grocery,50,7
2026-04-22,SKU-004,13,T000448,C004,300,230,Grocery,66,5
2026-04-23,SKU-001,3,T000449,C017,180,140,Grocery,98,2
2026-04-23,SKU-002,13,T000450,C009,120,85,Grocery,59,7
2026-04-23,SKU-003,16,T000451,C068,420,350,Grocery,72,7
2026-04-23,SKU-004,11,T000452,C074,300,230,Grocery,29,3
2026-04-24,SKU-001,19,T000453,C058,180,140,Grocery,79,5
2026-04-24,SKU-002,14,T000454,C017,120,85,Grocery,119,3
2026-04-24,SKU-003,15,T000455,C065,420,350,Grocery,27,2
2026-04-24,SKU-004,13,T000456,C067,300,230,Grocery,39,5
2026-04-25,SKU-001,16,T000457,C029,180,140,Grocery,64,5
2026-04-25,SKU-002,17,T000458,C011,120,85,Grocery,52,3
2026-04-25,SKU-003,12,T000459,C017,420,350,Grocery,100,5
2026-04-25,SKU-004,12,T000460,C079,300,230,Grocery,88,2
2026-04-26,SKU-001,10,T000461,C075,180,140,Grocery,39,3
2026-04-26,SKU-002,11,T000462,C080,120,85,Grocery,112,5
2026-04-26,SKU-003,14,T000463,C004,420,350,Grocery,30,2
2026-04-26,SKU-004,8,T000464,C074,300,230,Grocery,53,3
2026-04-27,SKU-001,12,T000465,C004,180,140,Grocery,83,5
2026-04-27,SKU-002,8,T000466,C039,120,85,Grocery,81,3
2026-04-27,SKU-003,13,T000467,C039,420,350,Grocery,78,2
2026-04-27,SKU-004,7,T000468,C008,300,230,Grocery,40,7
2026-04-28,SKU-001,9,T000469,C044,180,140,Grocery,97,3
2026-04-28,SKU-002,13,T000470,C041,120,85,Grocery,111,5
2026-04-28,SKU-003,11,T000471,C052,420,350,Grocery,36,5
2026-04-28,SKU-004,6,T000472,C066,300,230,Grocery,91,2
2026-04-29,SKU-001,10,T000473,C035,180,140,Grocery,77,3
2026-04-29,SKU-002,15,T000474,C019,120,85,Grocery,32,2
2026-04-29,SKU-003,11,T000475,C079,420,350,Grocery,73,3
2026-04-29,SKU-004,14,T000476,C021,300,230,Grocery,61,5
2026-04-30,SKU-001,12,T000477,C066,180,140,Grocery,79,7
2026-04-30,SKU-002,13,T000478,C040,120,85,Grocery,83,2
2026-04-30,SKU-003,14,T000479,C059,420,350,Grocery,50,3
2026-04-30,SKU-004,13,T000480,C075,300,230,Grocery,65,2
2026-05-01,SKU-001,18,T000481,C061,180,140,Grocery,56,2
2026-05-01,SKU-002,16,T000482,C014,120,85,Grocery,75,3
2026-05-01,SKU-003,18,T000483,C052,420,350,Grocery,66,2
2026-05-01,SKU-004,11,T000484,C052,300,230,Grocery,26,3
2026-05-02,SKU-001,13,T000485,C050,180,140,Grocery,84,7
2026-05-02,SKU-002,16,T000486,C071,120,85,Grocery,55,2
2026-05-02,SKU-003,15,T000487,C048,420,350,Grocery,63,5
2026-05-02,SKU-004,15,T000488,C019,300,230,Grocery,45,7
2026-05-03,SKU-001,11,T000489,C018,180,140,Grocery,111,5
2026-05-03,SKU-002,11,T000490,C061,120,85,Grocery,86,7
2026-05-03,SKU-003,15,T000491,C018,420,350,Grocery,61,5
2026-05-03,SKU-004,17,T000492,C021,300,230,Grocery,70,5
2026-05-04,SKU-001,9,T000493,C066,180,140,Grocery,88,7
2026-05-04,SKU-002,10,T000494,C073,120,85,Grocery,58,7
2026-05-04,SKU-003,13,T000495,C015,420,350,Grocery,73,5
2026-05-04,SKU-004,9,T000496,C004,300,230,Grocery,96,7
2026-05-05,SKU-001,11,T000497,C075,180,140,Grocery,93,3
2026-05-05,SKU-002,16,T000498,C007,120,85,Grocery,94,7
2026-05-05,SKU-003,14,T000499,C080,420,350,Grocery,119,7
2026-05-05,SKU-004,15,T000500,C019,300,230,Grocery,107,3
2026-05-06,SKU-001,19,T000501,C015,180,140,Grocery,44,2
2026-05-06,SKU-002,13,T000502,C057,120,85,Grocery,60,7
2026-05-06,SKU-003,14,T000503,C053,420,350,Grocery,84,7
2026-05-06,SKU-004,15,T000504,C008,300,230,Grocery,110,3
2026-05-07,SKU-001,8,T000505,C062,180,140,Grocery,87,7
2026-05-07,SKU-002,11,T000506,C041,120,85,Grocery,42,7
2026-05-07,SKU-003,14,T000507,C046,420,350,Grocery,106,5
2026-05-07,SKU-004,10,T000508,C079,300,230,Grocery,81,3
2026-05-08,SKU-001,17,T000509,C039,180,140,Grocery,48,5
2026-05-08,SKU-002,14,T000510,C037,120,85,Grocery,110,3
2026-05-08,SKU-003,13,T000511,C062,420,350,Grocery,64,5
2026-05-08,SKU-004,11,T000512,C037,300,230,Grocery,35,7
2026-05-09,SKU-001,17,T000513,C045,180,140,Grocery,118,3
2026-05-09,SKU-002,13,T000514,C038,120,85,Grocery,25,5
2026-05-09,SKU-003,16,T000515,C057,420,350,Grocery,103,5
2026-05-09,SKU-004,14,T000516,C062,300,230,Grocery,47,3
2026-05-10,SKU-001,13,T000517,C072,180,140,Grocery,109,5
2026-05-10,SKU-002,9,T000518,C018,120,85,Grocery,33,3
2026-05-10,SKU-003,12,T000519,C068,420,350,Grocery,48,3
2026-05-10,SKU-004,16,T000520,C007,300,230,Grocery,32,7
2026-05-11,SKU-001,10,T000521,C018,180,140,Grocery,20,3
2026-05-11,SKU-002,14,T000522,C053,120,85,Grocery,103,7
2026-05-11,SKU-003,10,T000523,C037,420,350,Grocery,61,5
2026-05-11,SKU-004,12,T000524,C008,300,230,Grocery,118,2
2026-05-12,SKU-001,10,T000525,C005,180,140,Grocery,42,7
2026-05-12,SKU-002,10,T000526,C023,120,85,Grocery,24,7
2026-05-12,SKU-003,12,T000527,C038,420,350,Grocery,24,2
2026-05-12,SKU-004,10,T000528,C039,300,230,Grocery,92,2
2026-05-13,SKU-001,14,T000529,C059,180,140,Grocery,102,7
2026-05-13,SKU-002,10,T000530,C018,120,85,Grocery,84,7
2026-05-13,SKU-003,11,T000531,C043,420,350,Grocery,40,7
2026-05-13,SKU-004,17,T000532,C033,300,230,Grocery,111,3
2026-05-14,SKU-001,14,T000533,C038,180,140,Grocery,92,3
2026-05-14,SKU-002,12,T000534,C023,120,85,Grocery,98,7
2026-05-14,SKU-003,13,T000535,C012,420,350,Grocery,71,2
2026-05-14,SKU-004,8,T000536,C024,300,230,Grocery,37,7
2026-05-15,SKU-001,13,T000537,C034,180,140,Grocery,69,3
2026-05-15,SKU-002,17,T000538,C058,120,85,Grocery,116,5
2026-05-15,SKU-003,17,T000539,C074,420,350,Grocery,21,5
2026-05-15,SKU-004,14,T000540,C047,300,230,Grocery,108,3
2026-05-16,SKU-001,16,T000541,C040,180,140,Grocery,40,7
2026-05-16,SKU-002,15,T000542,C065,120,85,Grocery,110,5
2026-05-16,SKU-003,13,T000543,C038,420,350,Grocery,67,3
2026-05-16,SKU-004,11,T000544,C029,300,230,Grocery,37,7
2026-05-17,SKU-001,14,T000545,C078,180,140,Grocery,67,7
2026-05-17,SKU-002,16,T000546,C071,120,85,Grocery,80,3
2026-05-17,SKU-003,12,T000547,C077,420,350,Grocery,120,2
2026-05-17,SKU-004,7,T000548,C068,300,230,Grocery,77,5
2026-05-18,SKU-001,15,T000549,C008,180,140,Grocery,90,3
2026-05-18,SKU-002,13,T000550,C074,120,85,Grocery,88,3
2026-05-18,SKU-003,15,T000551,C057,420,350,Grocery,34,3
2026-05-18,SKU-004,17,T000552,C075,300,230,Grocery,82,2
2026-05-19,SKU-001,14,T000553,C008,180,140,Grocery,78,3
2026-05-19,SKU-002,10,T000554,C066,120,85,Grocery,73,7
2026-05-19,SKU-003,8,T000555,C040,420,350,Grocery,112,2
2026-05-19,SKU-004,10,T000556,C051,300,230,Grocery,52,2
2026-05-20,SKU-001,11,T000557,C006,180,140,Grocery,74,5
2026-05-20,SKU-002,8,T000558,C009,120,85,Grocery,89,2
2026-05-20,SKU-003,13,T000559,C061,420,350,Grocery,24,5
2026-05-20,SKU-004,11,T000560,C053,300,230,Grocery,43,3
2026-05-21,SKU-001,12,T000561,C054,180,140,Grocery,67,7
2026-05-21,SKU-002,3,T000562,C058,120,85,Grocery,68,7
2026-05-21,SKU-003,18,T000563,C070,420,350,Grocery,37,5
2026-05-21,SKU-004,15,T000564,C016,300,230,Grocery,42,7
2026-05-22,SKU-001,10,T000565,C029,180,140,Grocery,20,2
2026-05-22,SKU-002,14,T000566,C039,120,85,Grocery,79,7
2026-05-22,SKU-003,9,T000567,C032,420,350,Grocery,78,5
2026-05-22,SKU-004,13,T000568,C020,300,230,Grocery,55,3
2026-05-23,SKU-001,19,T000569,C015,180,140,Grocery,24,7
2026-05-23,SKU-002,13,T000570,C079,120,85,Grocery,118,2
2026-05-23,SKU-003,15,T000571,C077,420,350,Grocery,24,7
2026-05-23,SKU-004,16,T000572,C077,300,230,Grocery,106,2
2026-05-24,SKU-001,12,T000573,C057,180,140,Grocery,49,3
2026-05-24,SKU-002,12,T000574,C008,120,85,Grocery,37,5
2026-05-24,SKU-003,12,T000575,C074,420,350,Grocery,60,5
2026-05-24,SKU-004,18,T000576,C031,300,230,Grocery,58,3
2026-05-25,SKU-001,15,T000577,C053,180,140,Grocery,58,5
2026-05-25,SKU-002,11,T000578,C008,120,85,Grocery,91,3
2026-05-25,SKU-003,9,T000579,C064,420,350,Grocery,26,5
2026-05-25,SKU-004,9,T000580,C049,300,230,Grocery,120,5
2026-05-26,SKU-001,10,T000581,C039,180,140,Grocery,68,3
2026-05-26,SKU-002,9,T000582,C069,120,85,Grocery,80,3
2026-05-26,SKU-003,13,T000583,C019,420,350,Grocery,79,2
2026-05-26,SKU-004,9,T000584,C072,300,230,Grocery,72,7
2026-05-27,SKU-001,10,T000585,C032,180,140,Grocery,52,3
2026-05-27,SKU-002,11,T000586,C043,120,85,Grocery,102,2
2026-05-27,SKU-003,17,T000587,C012,420,350,Grocery,88,3
2026-05-27,SKU-004,9,T000588,C007,300,230,Grocery,54,7
2026-05-28,SKU-001,10,T000589,C010,180,140,Grocery,44,3
2026-05-28,SKU-002,8,T000590,C062,120,85,Grocery,46,5
2026-05-28,SKU-003,9,T000591,C028,420,350,Grocery,44,2
2026-05-28,SKU-004,18,T000592,C062,300,230,Grocery,51,3
2026-05-29,SKU-001,13,T000593,C042,180,140,Grocery,119,5
2026-05-29,SKU-002,16,T000594,C049,120,85,Grocery,79,5
2026-05-29,SKU-003,13,T000595,C064,420,350,Grocery,79,2
2026-05-29,SKU-004,17,T000596,C061,300,230,Grocery,117,5
2026-05-30,SKU-001,17,T000597,C053,180,140,Grocery,25,3
2026-05-30,SKU-002,13,T000598,C019,120,85,Grocery,22,5
2026-05-30,SKU-003,11,T000599,C054,420,350,Grocery,57,3
2026-05-30,SKU-004,13,T000600,C026,300,230,Grocery,62,3
2026-05-31,SKU-001,7,T000601,C064,180,140,Grocery,90,5
2026-05-31,SKU-002,15,T000602,C033,120,85,Grocery,117,7
2026-05-31,SKU-003,16,T000603,C063,420,350,Grocery,78,3
2026-05-31,SKU-004,11,T000604,C046,300,230,Grocery,41,3
2026-06-01,SKU-001,11,T000605,C070,180,140,Grocery,102,2
2026-06-01,SKU-002,8,T000606,C068,120,85,Grocery,24,2
2026-06-01,SKU-003,16,T000607,C001,420,350,Grocery,72,3
2026-06-01,SKU-004,10,T000608,C030,300,230,Grocery,28,3
2026-06-02,SKU-001,15,T000609,C048,180,140,Grocery,27,7
2026-06-02,SKU-002,12,T000610,C063,120,85,Grocery,22,2
2026-06-02,SKU-003,8,T000611,C003,420,350,Grocery,87,5
2026-06-02,SKU-004,11,T000612,C069,300,230,Grocery,56,2
2026-06-03,SKU-001,7,T000613,C056,180,140,Grocery,42,2
2026-06-03,SKU-002,11,T000614,C013,120,85,Grocery,87,3
2026-06-03,SKU-003,12,T000615,C033,420,350,Grocery,65,5
2026-06-03,SKU-004,16,T000616,C051,300,230,Grocery,30,5
2026-06-04,SKU-001,15,T000617,C032,180,140,Grocery,109,3
2026-06-04,SKU-002,11,T000618,C039,120,85,Grocery,107,2
2026-06-04,SKU-003,8,T000619,C005,420,350,Grocery,31,7
2026-06-04,SKU-004,7,T000620,C049,300,230,Grocery,68,7
2026-06-05,SKU-001,15,T000621,C022,180,140,Grocery,30,7
2026-06-05,SKU-002,15,T000622,C056,120,85,Grocery,102,5
2026-06-05,SKU-003,9,T000623,C013,420,350,Grocery,87,2
2026-06-05,SKU-004,12,T000624,C030,300,230,Grocery,47,7
2026-06-06,SKU-001,14,T000625,C036,180,140,Grocery,89,2
2026-06-06,SKU-002,21,T000626,C023,120,85,Grocery,60,2
2026-06-06,SKU-003,18,T000627,C051,420,350,Grocery,29,5
2026-06-06,SKU-004,14,T000628,C021,300,230,Grocery,92,3
2026-06-07,SKU-001,6,T000629,C070,180,140,Grocery,62,7
2026-06-07,SKU-002,9,T000630,C018,120,85,Grocery,108,2
2026-06-07,SKU-003,3,T000631,C007,420,350,Grocery,32,7
2026-06-07,SKU-004,11,T000632,C030,300,230,Grocery,29,5
2026-06-08,SKU-001,8,T000633,C077,180,140,Grocery,70,5
2026-06-08,SKU-002,9,T000634,C004,120,85,Grocery,101,5
2026-06-08,SKU-003,12,T000635,C030,420,350,Grocery,65,7
2026-06-08,SKU-004,8,T000636,C056,300,230,Grocery,43,7
2026-06-09,SKU-001,15,T000637,C032,180,140,Grocery,111,2
2026-06-09,SKU-002,14,T000638,C011,120,85,Grocery,54,3
2026-06-09,SKU-003,8,T000639,C020,420,350,Grocery,114,7
2026-06-09,SKU-004,15,T000640,C041,300,230,Grocery,66,2
2026-06-10,SKU-001,18,T000641,C057,180,140,Grocery,66,5
2026-06-10,SKU-002,15,T000642,C014,120,85,Grocery,36,2
2026-06-10,SKU-003,13,T000643,C072,420,350,Grocery,85,7
2026-06-10,SKU-004,15,T000644,C014,300,230,Grocery,23,2
2026-06-11,SKU-001,11,T000645,C077,180,140,Grocery,120,5
2026-06-11,SKU-002,13,T000646,C050,120,85,Grocery,21,5
2026-06-11,SKU-003,7,T000647,C072,420,350,Grocery,51,3
2026-06-11,SKU-004,14,T000648,C049,300,230,Grocery,41,3
2026-06-12,SKU-001,14,T000649,C019,180,140,Grocery,28,3
2026-06-12,SKU-002,17,T000650,C056,120,85,Grocery,55,7
2026-06-12,SKU-003,13,T000651,C047,420,350,Grocery,52,3
2026-06-12,SKU-004,19,T000652,C064,300,230,Grocery,96,3
2026-06-13,SKU-001,13,T000653,C001,180,140,Grocery,70,5
2026-06-13,SKU-002,15,T000654,C080,120,85,Grocery,68,5
2026-06-13,SKU-003,12,T000655,C077,420,350,Grocery,37,5
2026-06-13,SKU-004,16,T000656,C042,300,230,Grocery,97,3
2026-06-14,SKU-001,10,T000657,C051,180,140,Grocery,60,5
2026-06-14,SKU-002,12,T000658,C063,120,85,Grocery,93,3
2026-06-14,SKU-003,10,T000659,C051,420,350,Grocery,66,2
2026-06-14,SKU-004,14,T000660,C073,300,230,Grocery,45,3
2026-06-15,SKU-001,10,T000661,C060,180,140,Grocery,110,3
2026-06-15,SKU-002,8,T000662,C057,120,85,Grocery,57,2
2026-06-15,SKU-003,14,T000663,C053,420,350,Grocery,106,7
2026-06-15,SKU-004,7,T000664,C018,300,230,Grocery,101,5
2026-06-16,SKU-001,12,T000665,C055,180,140,Grocery,68,2
2026-06-16,SKU-002,16,T000666,C058,120,85,Grocery,96,7
2026-06-16,SKU-003,8,T000667,C054,420,350,Grocery,89,2
2026-06-16,SKU-004,10,T000668,C047,300,230,Grocery,109,2
2026-06-17,SKU-001,13,T000669,C046,180,140,Grocery,41,2
2026-06-17,SKU-002,13,T000670,C073,120,85,Grocery,102,7
2026-06-17,SKU-003,14,T000671,C056,420,350,Grocery,33,2
2026-06-17,SKU-004,11,T000672,C013,300,230,Grocery,53,3
2026-06-18,SKU-001,8,T000673,C075,180,140,Grocery,108,3
2026-06-18,SKU-002,11,T000674,C058,120,85,Grocery,67,7
2026-06-18,SKU-003,7,T000675,C065,420,350,Grocery,39,5
2026-06-18,SKU-004,13,T000676,C004,300,230,Grocery,81,2
2026-06-19,SKU-001,13,T000677,C011,180,140,Grocery,34,3
2026-06-19,SKU-002,21,T000678,C045,120,85,Grocery,59,5
2026-06-19,SKU-003,13,T000679,C062,420,350,Grocery,64,7
2026-06-19,SKU-004,15,T000680,C013,300,230,Grocery,76,7
2026-06-20,SKU-001,13,T000681,C015,180,140,Grocery,22,5
2026-06-20,SKU-002,17,T000682,C014,120,85,Grocery,106,3
2026-06-20,SKU-003,19,T000683,C067,420,350,Grocery,42,3
2026-06-20,SKU-004,12,T000684,C043,300,230,Grocery,91,7
2026-06-21,SKU-001,14,T000685,C052,180,140,Grocery,100,3
2026-06-21,SKU-002,11,T000686,C024,120,85,Grocery,101,7
2026-06-21,SKU-003,8,T000687,C026,420,350,Grocery,77,7
2026-06-21,SKU-004,14,T000688,C050,300,230,Grocery,20,3
2026-06-22,SKU-001,13,T000689,C009,180,140,Grocery,93,2
2026-06-22,SKU-002,16,T000690,C069,120,85,Grocery,43,5
2026-06-22,SKU-003,10,T000691,C034,420,350,Grocery,105,7
2026-06-22,SKU-004,14,T000692,C068,300,230,Grocery,101,5
2026-06-23,SKU-001,8,T000693,C076,180,140,Grocery,34,5
2026-06-23,SKU-002,9,T000694,C046,120,85,Grocery,78,3
2026-06-23,SKU-003,13,T000695,C039,420,350,Grocery,98,2
2026-06-23,SKU-004,7,T000696,C018,300,230,Grocery,60,2
2026-06-24,SKU-001,12,T000697,C048,180,140,Grocery,108,3
2026-06-24,SKU-002,13,T000698,C066,120,85,Grocery,69,7
2026-06-24,SKU-003,8,T000699,C055,420,350,Grocery,43,7
2026-06-24,SKU-004,9,T000700,C069,300,230,Grocery,108,3
2026-06-25,SKU-001,8,T000701,C018,180,140,Grocery,43,5
2026-06-25,SKU-002,10,T000702,C058,120,85,Grocery,99,2
2026-06-25,SKU-003,16,T000703,C063,420,350,Grocery,37,3
2026-06-25,SKU-004,6,T000704,C050,300,230,Grocery,91,7
2026-06-26,SKU-001,12,T000705,C057,180,140,Grocery,82,3
2026-06-26,SKU-002,16,T000706,C011,120,85,Grocery,92,2
2026-06-26,SKU-003,15,T000707,C005,420,350,Grocery,55,3
2026-06-26,SKU-004,12,T000708,C069,300,230,Grocery,56,3
2026-06-27,SKU-001,15,T000709,C064,180,140,Grocery,90,2
2026-06-27,SKU-002,11,T000710,C074,120,85,Grocery,34,5
2026-06-27,SKU-003,15,T000711,C047,420,350,Grocery,89,2
2026-06-27,SKU-004,9,T000712,C057,300,230,Grocery,89,3
2026-06-28,SKU-001,13,T000713,C032,180,140,Grocery,58,2
2026-06-28,SKU-002,11,T000714,C058,120,85,Grocery,53,5
2026-06-28,SKU-003,12,T000715,C016,420,350,Grocery,119,3
2026-06-28,SKU-004,11,T000716,C027,300,230,Grocery,114,5
2026-06-29,SKU-001,14,T000717,C055,180,140,Grocery,41,3
2026-06-29,SKU-002,8,T000718,C027,120,85,Grocery,46,2
2026-06-29,SKU-003,8,T000719,C077,420,350,Grocery,88,3
2026-06-29,SKU-004,10,T000720,C042,300,230,Grocery,110,5
